{
  ".entroly/vault/evolution/skills/ddb2e2969bb0/tool.py": 1776010851.8524675,
  "bench/__init__.py": 1774501037.061839,
  "bench/accuracy.py": 1775891415.05749,
  "bench/autotune.py": 1774501037.061839,
  "bench/compare.py": 1774501037.0636747,
  "bench/evaluate.py": 1774501037.0636747,
  "bench/needle_heatmap.py": 1775887474.7110193,
  "benchmark_debug.py": 1775891364.995674,
  "docs/generate_demo.py": 1775407696.4173093,
  "entroly-core/src/anomaly.rs": 1774501037.0649228,
  "entroly-core/src/cache.rs": 1774718999.165809,
  "entroly-core/src/causal.rs": 1774850948.5406182,
  "entroly-core/src/channel.rs": 1774726727.1456735,
  "entroly-core/src/cognitive_bus.rs": 1774501037.0755544,
  "entroly-core/src/cogops.rs": 1775713579.1887913,
  "entroly-core/src/conversation_pruner.rs": 1774501037.0762944,
  "entroly-core/src/dedup.rs": 1774718999.1691813,
  "entroly-core/src/depgraph.rs": 1774962749.4099007,
  "entroly-core/src/entropy.rs": 1775535810.2360332,
  "entroly-core/src/fragment.rs": 1775713579.190234,
  "entroly-core/src/guardrails.rs": 1775533353.021782,
  "entroly-core/src/health.rs": 1774501037.0775137,
  "entroly-core/src/hierarchical.rs": 1774718999.1735816,
  "entroly-core/src/knapsack.rs": 1774501037.0775137,
  "entroly-core/src/knapsack_sds.rs": 1775713579.1923833,
  "entroly-core/src/lib.rs": 1775867072.7816155,
  "entroly-core/src/lsh.rs": 1774501037.0775137,
  "entroly-core/src/nkbe.rs": 1774501037.0775137,
  "entroly-core/src/prism.rs": 1775716125.482038,
  "entroly-core/src/query.rs": 1774501037.0775137,
  "entroly-core/src/query_persona.rs": 1774501037.0775137,
  "entroly-core/src/resonance.rs": 1774816961.4622402,
  "entroly-core/src/sast.rs": 1774963635.1818597,
  "entroly-core/src/semantic_dedup.rs": 1774501037.0775137,
  "entroly-core/src/skeleton.rs": 1774963485.9143817,
  "entroly-core/src/utilization.rs": 1774501037.0775137,
  "entroly-core/tests/test_brutal.py": 1775016794.8392918,
  "entroly-core/tests/test_integration.py": 1775539357.9744093,
  "entroly-wasm/index.js": 1776056828.9548376,
  "entroly-wasm/js/agentskills_export.js": 1776056418.4843092,
  "entroly-wasm/js/auto_index.js": 1775173134.2292855,
  "entroly-wasm/js/autotune.js": 1775196009.2139025,
  "entroly-wasm/js/checkpoint.js": 1775173151.8231347,
  "entroly-wasm/js/cli.js": 1776139343.8173854,
  "entroly-wasm/js/cogops.js": 1775960206.5468352,
  "entroly-wasm/js/config.js": 1775936984.6855433,
  "entroly-wasm/js/gateways.js": 1776056449.7967327,
  "entroly-wasm/js/multimodal.js": 1775960365.953398,
  "entroly-wasm/js/repo_map.js": 1775960320.9744215,
  "entroly-wasm/js/server.js": 1775960553.4636185,
  "entroly-wasm/js/skills.js": 1775960347.3055532,
  "entroly-wasm/js/value_tracker.js": 1776138184.927958,
  "entroly-wasm/js/vault.js": 1775959705.9432163,
  "entroly-wasm/js/vault_observer.js": 1776056718.0536866,
  "entroly-wasm/js/workspace.js": 1775960283.7745266,
  "entroly-wasm/pkg/entroly_wasm.d.ts": 1775191590.672109,
  "entroly-wasm/pkg/entroly_wasm.js": 1775191590.6712234,
  "entroly-wasm/pkg/entroly_wasm_bg.wasm.d.ts": 1775191590.672719,
  "entroly-wasm/src/anomaly.rs": 1774501037.0649228,
  "entroly-wasm/src/cache.rs": 1774718999.165809,
  "entroly-wasm/src/causal.rs": 1774850948.5406182,
  "entroly-wasm/src/channel.rs": 1774726727.1456735,
  "entroly-wasm/src/cognitive_bus.rs": 1775089979.4320028,
  "entroly-wasm/src/conversation_pruner.rs": 1774501037.0762944,
  "entroly-wasm/src/dedup.rs": 1774718999.1691813,
  "entroly-wasm/src/depgraph.rs": 1774962749.4099007,
  "entroly-wasm/src/entropy.rs": 1775089676.6746888,
  "entroly-wasm/src/fragment.rs": 1775089761.6403089,
  "entroly-wasm/src/guardrails.rs": 1774962721.284623,
  "entroly-wasm/src/health.rs": 1774501037.0775137,
  "entroly-wasm/src/hierarchical.rs": 1774718999.1735816,
  "entroly-wasm/src/knapsack.rs": 1774501037.0775137,
  "entroly-wasm/src/knapsack_sds.rs": 1774718999.1754696,
  "entroly-wasm/src/lib.rs": 1775191465.2953212,
  "entroly-wasm/src/lsh.rs": 1774501037.0775137,
  "entroly-wasm/src/nkbe.rs": 1775089887.9917657,
  "entroly-wasm/src/prism.rs": 1775715838.330654,
  "entroly-wasm/src/query.rs": 1775089803.3177204,
  "entroly-wasm/src/query_persona.rs": 1774501037.0775137,
  "entroly-wasm/src/resonance.rs": 1774816961.4622402,
  "entroly-wasm/src/sast.rs": 1774963635.1818597,
  "entroly-wasm/src/semantic_dedup.rs": 1774501037.0775137,
  "entroly-wasm/src/skeleton.rs": 1774963485.9143817,
  "entroly-wasm/src/utilization.rs": 1774501037.0775137,
  "entroly-wasm/test_autotune.js": 1775193633.3960364,
  "entroly-wasm/test_smoke.js": 1775960679.3628426,
  "entroly-wasm/test_wasm_e2e.js": 1775191692.8351622,
  "entroly/__init__.py": 1776138211.4398623,
  "entroly/_docker_launcher.py": 1775408341.0148273,
  "entroly/adaptive_pruner.py": 1775408341.0233479,
  "entroly/auto_index.py": 1775713579.1967354,
  "entroly/autotune.py": 1775976749.302816,
  "entroly/belief_compiler.py": 1775713579.1978002,
  "entroly/benchmark_harness.py": 1775713579.1990345,
  "entroly/cache_aligner.py": 1775880090.18627,
  "entroly/ccr.py": 1775880064.400731,
  "entroly/change_listener.py": 1775713579.2008545,
  "entroly/change_pipeline.py": 1775713579.2021916,
  "entroly/checkpoint.py": 1775408341.0341208,
  "entroly/cli.py": 1776138404.7867906,
  "entroly/config.py": 1775408341.0233479,
  "entroly/context_bridge.py": 1775713579.2037883,
  "entroly/dashboard.py": 1775936272.7342806,
  "entroly/entroly_mcp_client.py": 1774501037.0936952,
  "entroly/epistemic_router.py": 1775976819.8439763,
  "entroly/evolution_daemon.py": 1775975714.547445,
  "entroly/evolution_logger.py": 1775975327.570469,
  "entroly/flow_orchestrator.py": 1775976924.93299,
  "entroly/integrate_entroly_mcp.py": 1775713579.2094276,
  "entroly/integrations/__init__.py": 1775714876.6184464,
  "entroly/integrations/agentskills.py": 1776055618.8147252,
  "entroly/integrations/discord_gateway.py": 1776055803.1377077,
  "entroly/integrations/langchain.py": 1775714901.2066104,
  "entroly/integrations/slack_gateway.py": 1776055814.353487,
  "entroly/integrations/telegram_gateway.py": 1776055692.193859,
  "entroly/long_term_memory.py": 1775713579.210513,
  "entroly/multimodal.py": 1775408341.0423512,
  "entroly/npm/index.js": 1774501037.09709,
  "entroly/prefetch.py": 1775976900.173901,
  "entroly/provenance.py": 1775408341.0341208,
  "entroly/proxy.py": 1775874062.8807206,
  "entroly/proxy_config.py": 1774748613.354653,
  "entroly/proxy_transform.py": 1775886112.6770673,
  "entroly/query_refiner.py": 1775408341.0305977,
  "entroly/repo_map.py": 1775713579.21464,
  "entroly/sdk.py": 1775715115.3960586,
  "entroly/server.py": 1776138211.44302,
  "entroly/skill_engine.py": 1775978631.200418,
  "entroly/universal_compress.py": 1775866378.378638,
  "entroly/value_tracker.py": 1776138166.7314403,
  "entroly/vault.py": 1775713579.219561,
  "entroly/verification_engine.py": 1775713579.221572,
  "examples/demo_full_experience.py": 1775340643.0721283,
  "examples/demo_value.py": 1774501037.1036012,
  "scripts/bump_version.py": 1776133207.088512,
  "scripts/extractor.py": 1775340643.0681007,
  "scripts/extractor_cogops.py": 1775340643.0606515,
  "scripts/super_extractor.py": 1775340643.0721283,
  "scripts/vault_graph_cli.py": 1775358064.643314,
  "tests/functional_test.py": 1775340822.0362043,
  "tests/test_apa.py": 1775340735.6538963,
  "tests/test_auth.py": 1774718999.1949942,
  "tests/test_change_listener.py": 1775326702.385321,
  "tests/test_cogops_smoke.py": 1775334971.97405,
  "tests/test_context_bridge.py": 1775340705.4972756,
  "tests/test_deep_functional.py": 1775340643.0756044,
  "tests/test_e2e.py": 1775340744.338458,
  "tests/test_ecc.py": 1774501037.1071126,
  "tests/test_egtc_v2.py": 1775340828.425547,
  "tests/test_functional.py": 1775340705.4995284,
  "tests/test_intensive_functional.py": 1775340751.7851617,
  "tests/test_ios.py": 1775340705.5015352,
  "tests/test_mcp_protocol.py": 1775360095.778058,